name,link
Kremer Eye Center - King of Prussia - LASIK Surgeon in King of ...,https://kremer-eye-center-king-of-prussia.business.site/
New Bharath Bazaar - Indian Grocery Store in King of Prussia,https://new-bharath-bazaar.business.site/
Layla's Boutique - Children's Clothing Store in King of Prussia Mall,https://laylas-boutique.business.site/
Healing Massage - Massage Therapist in King of Prussia,https://website-627867884880987800161-massagetherapist.business.site/
6 Eleven Food Market - Grocery Store in King of Prussia,https://6-eleven-food-market.business.site/
Trigger Sprayers l Bottles l Wholesale & Bulk l Delta Industries ...,https://delta-industries-intl-inc.business.site/
Shoe MGK - Shoe Shining & Sneaker Cleaner Service in King of ...,https://shoe-mgk.business.site/
El Gordo Bros Mexican Food - Mexican Restaurant in King of Prussia,https://el-gordo-bros-mexican-food.business.site/
CKO Kickboxing King of Prussia - Gym in King of Prussia,https://cko-kickboxing-king-of-prussia.business.site/
"Scissors & Needle, LLC - Clothing Alteration Service in King of Prussia",https://scissors-needle-llc-tailor-shop.business.site/
